BEAD,Resid 1,Resid 2,Resid 3,Type,Notes,,H
1,2236,2237,2238,H,Start of TM33-preα,,I
2,2239,2240,2241,H,,,T
3,2242,2243,2244,H,,,T
4,2245,2246,2247,H,,,T
5,2248,2249,2250,H,End of TM33-preα,,T
6,2251,2252,2253,H,Start of linker,,I
7,2254,2255,2256,H,End of linker,,H
8,2257,2258,2259,H,Start of TM33,,
9,2260,2261,2262,I,,,
10,2263,2264,2265,T,,,
11,2266,2267,2268,T,,,
12,2269,2270,2271,T,,,
13,2272,2273,2274,T,,,
14,2275,2276,2277,I,,,
15,2278,2279,2280,H,End of TM33,,
16,2281,2282,,H,2 Extra residue at the end of TM33,,
17,2299,2300,,H,2 Extra residue at the beginning of TM34,,
18,2301,2302,2303,H,Start of TM34,,
19,2304,2305,2306,I,,,
20,2307,2308,2309,T,,,
21,2310,2311,2312,T,,,
22,2313,2314,2315,T,,,
23,2316,2317,2318,T,,,
24,2319,2320,2321,I,,,
25,2322,2323,2324,H,End of TM34,,
26,2325,2326,2327,H,Start of TM35,,
27,2328,2329,2330,I,,,
28,2331,2332,2333,T,,,
29,2334,2335,2336,T,,,
30,2337,2338,2339,T,,,
31,2340,2341,2342,T,,,
32,2343,2344,2345,T,,,
33,2346,2347,2348,I,,,
34,2349,2350,2351,H,End of TM35,,
35,2352,2353,2354,H,Start of Loop Region TM35 to TM36,,
36,2355,2356,2357,H,,,
37,2358,2359,2360,H,End of Loop Region TM35 to TM36 (2360 is First residue of TM36),,
38,2361,2362,2363,I,Start of TM36 (But height is closer to that of Interface),,
39,2364,2365,2366,T,,,
40,2367,2368,2369,T,,,
41,2370,2371,2372,T,,,
42,2373,2374,2375,T,,,
43,2376,2377,2378,T,,,
44,2379,2380,2381,I,,,
45,2382,2383,2384,H,End of TM36,,
46,2385,2386,2387,H,Start of TM36 Anchor-Linker,,
47,2388,2389,2390,H,END,,